PLZ,Wahlkreis_ID
01099,159
01097,159
01069,158
01067,158
01139,159
01129,159
01127,159
01157,159
01156,159
01159,159
01109,159
01108,154
01169,159
01189,158
01187,159
01257,158
01259,158
01279,158
01277,158
01219,158
01217,158
01239,158
01237,158
01309,158
01307,158
01328,159
01326,159
01324,159
01454,159
01458,159
01445,154
01477,159
01471,154
01465,159
01468,154
01558,154
01561,154
01594,154
01591,154
01587,154
01589,154
01683,154
01689,154
01640,154
01662,154
01665,154
01616,154
01619,154
01612,154
01609,154
01623,154
01705,157
01774,157
01773,157
01778,157
01776,157
01768,157
01762,157
01796,157
01738,157
01737,157
01734,157
01731,157
01728,157
01723,157
01744,157
01814,157
01819,157
01816,157
01809,157
01833,157
01825,157
01824,157
01829,157
01896,155
01855,157
01848,157
01847,157
01844,157
01877,155
01936,155
01920,155
01945,065
01917,155
01909,155
01900,159
01906,155
01904,155
01979,065
01968,065
01994,065
01993,065
01998,065
01996,065
01990,065
01983,065
01987,065
02627,155
02625,155
02633,155
02699,155
02694,155
02692,155
02689,155
02681,155
02748,156
02747,156
02742,156
02739,156
02736,156
02730,156
02733,155
02763,156
02708,156
02727,156
02785,156
02788,156
02782,156
02779,156
02797,156
02796,156
02794,156
02799,156
02791,156
02827,156
02826,156
02829,156
02828,156
02894,156
02899,156
02906,156
02923,156
02929,156
02979,155
02977,155
02994,155
02999,155
02997,155
02991,155
02943,156
02959,156
02957,156
02956,156
02953,156
03099,064
03096,064
03058,064
03054,064
03055,064
03050,064
03051,064
03052,064
03053,064
03048,064
03044,064
03046,064
03042,064
03197,064
03185,064
03159,064
03149,064
03172,064
03119,064
03116,064
03103,065
03130,064
03205,065
03238,065
03229,065
03226,065
03222,065
03253,065
03249,065
03246,065
04158,151
04159,151
04155,152
04157,151
04177,151
04178,151
04179,152
04129,151
04107,152
04109,152
04103,152
04105,152
04288,152
04289,152
04279,152
04275,152
04277,152
04299,152
04249,152
04207,152
04209,152
04205,153
04229,152
04356,150
04357,151
04328,151
04329,150
04316,151
04317,152
04318,151
04319,151
04315,151
04349,151
04347,151
04425,150
04420,153
04416,153
04442,153
04435,150
04463,153
04451,150
04523,153
04519,150
04539,153
04509,150
04565,153
04567,153
04564,153
04552,153
04575,153
04571,153
04643,153
04639,193
04668,153
04654,153
04651,153
04603,193
04600,193
04626,193
04617,193
04618,193
04613,193
04610,193
04687,153
04683,153
04680,153
04703,160
04769,150
04758,150
04779,150
04774,150
04720,160
04749,160
04746,160
04741,160
04736,160
04808,153
04827,153
04828,153
04824,153
04821,153
04889,150
04886,150
04880,150
04874,150
04895,065
04849,150
04838,150
04862,150
04860,150
04861,150
04928,065
04924,065
04916,065
04910,065
04936,065
04938,065
04932,065
04934,065
04931,065
06130,071
06132,071
06108,071
06128,071
06124,071
06126,071
06120,071
06122,071
06116,071
06118,071
06112,071
06114,071
06110,071
06188,071
06184,071
06179,073
06198,073
06193,073
06268,073
06259,072
06255,073
06258,072
06279,073
06217,072
06249,073
06246,073
06242,072
06237,072
06231,072
06295,073
06388,073
06386,073
06385,073
06347,073
06343,073
06333,073
06369,073
06366,073
06308,073
06317,073
06311,073
06313,073
06493,068
06469,068
06464,068
06467,068
06466,068
06463,068
06458,068
06456,073
06485,068
06484,068
06429,067
06425,067
06420,067
06449,068
06406,067
06408,067
06577,188
06571,188
06542,073
06543,068
06537,073
06536,073
06567,188
06556,188
06502,068
06528,073
06526,073
06667,072
06688,072
06686,072
06682,072
06679,072
06628,072
06618,072
06648,072
06647,072
06642,072
06638,072
06636,072
06632,073
06729,072
06722,072
06721,072
06711,072
06712,072
06785,070
06780,071
06779,070
06773,070
06772,070
06774,070
06794,071
06796,071
06792,071
06749,070
06766,070
06847,070
06846,070
06849,070
06842,070
06844,070
06809,071
06808,070
06803,070
06800,070
06895,070
06869,070
06868,070
06861,070
06862,070
06886,070
06889,070
06888,070
06905,070
06901,070
06925,070
06917,070
07356,194
07349,194
07343,194
07368,194
07366,194
07318,195
07338,194
07333,194
07330,194
07389,194
07387,194
07381,194
07429,194
07427,194
07426,194
07422,194
07407,194
07589,193
07586,193
07580,193
07557,193
07554,193
07551,193
07552,193
07548,193
07549,193
07546,193
07545,193
07570,193
07639,194
07629,194
07646,194
07619,194
07616,194
07613,194
07607,194
07751,194
07749,190
07747,190
07745,190
07743,190
07778,194
07774,194
07768,194
07819,194
07806,194
07919,165
07907,194
07937,193
07929,194
07926,194
07927,194
07924,194
07922,194
07987,193
07985,165
07980,193
07957,193
07958,193
07955,193
07952,165
07950,193
07973,193
08066,164
08064,164
08062,164
08060,164
08058,164
08056,164
08107,164
08118,164
08115,164
08112,164
08147,164
08144,164
08141,164
08134,164
08132,164
08209,165
08228,165
08223,165
08289,163
08280,163
08297,162
08294,163
08248,165
08239,165
08237,165
08236,165
08233,165
08267,165
08262,165
08261,165
08258,165
08328,163
08324,163
08321,163
08315,163
08349,163
08344,163
08340,163
08309,163
08304,165
08396,164
08393,164
08359,163
08352,163
08373,164
08371,164
08468,165
08459,164
08451,164
08428,164
08427,164
08412,164
08485,165
08499,165
08496,165
08491,165
08529,165
08527,165
08525,165
08523,165
08547,165
08548,165
08543,165
08541,165
08538,165
08539,165
08648,165
08645,165
08606,165
08626,165
09131,161
09130,161
09128,161
09127,161
09126,161
09125,161
09123,161
09122,162
09120,161
09119,161
09117,161
09116,161
09114,161
09113,161
09112,161
09111,161
09249,162
09247,162
09244,162
09243,162
09241,162
09217,162
09212,162
09236,162
09235,162
09232,162
09228,162
09224,162
09221,162
09306,162
09376,162
09366,162
09399,162
09394,162
09392,162
09390,162
09387,162
09385,162
09380,162
09337,162
09328,162
09326,162
09322,162
09356,162
09355,162
09353,162
09350,162
09419,163
09405,163
09439,163
09437,163
09434,163
09432,163
09430,163
09429,163
09427,163
09423,163
09496,163
09488,163
09487,163
09484,163
09481,163
09456,163
09477,163
09474,163
09471,163
09468,163
09465,163
09526,163
09557,160
09548,160
09544,160
09518,163
09514,163
09509,163
09579,160
09577,160
09575,160
09573,160
09569,160
09599,160
09648,160
09669,160
09661,160
09619,160
09618,160
09603,160
09600,160
09638,160
09634,160
09633,157
09629,160
09627,160
09623,160
10117,074
10119,075
10115,074
10178,074
10179,074
10249,082
10243,082
10245,082
10247,082
10365,085
10367,085
10369,085
10315,085
10318,085
10317,085
10319,085
10405,075
10407,082
10409,082
10437,075
10439,075
10435,075
10585,079
10587,079
10589,077
10557,074
10559,074
10551,074
10553,077
10555,074
10623,074
10625,079
10627,079
10629,079
10777,080
10779,080
10789,080
10781,080
10783,080
10785,074
10787,080
10709,079
10711,079
10713,079
10715,079
10717,079
10719,079
10707,079
10829,080
10823,080
10825,080
10827,080
10997,082
10999,082
10965,080
10967,081
10969,082
10961,082
10963,082
12043,081
12045,081
12047,081
12049,081
12099,080
12051,081
12053,081
12055,081
12057,083
12059,081
12157,080
12159,080
12161,080
12163,078
12165,078
12167,078
12169,078
12109,080
12101,080
12103,080
12105,080
12107,080
12207,078
12209,078
12203,078
12205,078
12277,080
12279,080
12247,078
12249,078
12351,081
12355,081
12353,081
12359,081
12357,081
12349,081
12347,081
12307,080
12309,080
12305,080
12439,083
12437,083
12435,083
12487,083
12489,083
12459,083
12559,083
12557,083
12555,083
12529,062
12526,083
12527,083
12524,083
12587,083
12589,083
12679,084
12681,084
12685,084
12683,084
12689,084
12687,084
12619,084
12627,059
12629,059
12623,084
12621,084
13088,075
13089,075
13086,075
13051,075
13055,085
13053,085
13059,085
13057,085
13125,075
13129,075
13127,057
13187,075
13189,075
13158,075
13159,075
13156,075
13349,074
13347,074
13353,074
13351,074
13357,074
13355,075
13359,074
13409,076
13407,076
13405,076
13403,076
13467,076
13465,076
13469,076
13439,076
13437,076
13435,076
13507,076
13505,076
13509,076
13503,076
13583,077
13581,077
13587,077
13585,077
13589,077
13591,077
13595,077
13593,077
13599,077
13597,077
13629,077
13627,077
14089,077
14052,079
14053,079
14050,079
14057,079
14055,079
14059,079
14195,078
14193,078
14199,079
14197,079
14109,078
14163,078
14167,078
14165,078
14169,078
14129,078
14467,061
14469,061
14471,061
14473,061
14478,061
14476,061
14482,061
14480,061
14552,061
14550,060
14554,060
14558,061
14532,061
14542,060
14548,061
14547,060
14513,061
14612,058
14621,058
14624,058
14656,058
14662,056
14669,058
14641,056
14715,056
14712,060
14728,056
14727,060
14793,060
14797,060
14798,060
14772,060
14770,060
14776,060
14774,060
14778,060
14789,060
14827,060
14828,060
14823,060
14822,060
14806,060
14979,062
14974,061
14959,062
14947,062
14943,062
14913,062
14929,060
15295,063
15299,063
15230,063
15234,063
15232,063
15236,059
15306,059
15366,059
15370,059
15377,059
15374,059
15378,059
15344,059
15345,059
15320,059
15326,059
15324,059
15328,059
15528,063
15526,063
15537,063
15518,063
15517,063
15562,059
15566,063
15569,063
15711,062
15713,062
15712,062
15749,062
15741,062
15748,062
15746,062
15745,062
15755,062
15754,062
15757,062
15738,062
15732,062
15827,062
15838,062
15837,062
15831,062
15834,062
15806,062
15890,063
15898,063
15864,063
15868,062
15848,063
15859,063
15926,062
15938,062
15936,062
15907,062
15913,062
15910,062
16278,057
16259,059
16269,059
16230,057
16244,057
16248,057
16247,057
16227,057
16225,057
16356,059
16359,057
16341,059
16348,057
16321,057
16303,057
16307,057
16306,057
16515,058
16552,058
16556,058
16559,058
16562,058
16567,058
16540,058
16547,058
16548,058
16761,058
16767,058
16766,058
16727,058
16792,058
16798,058
16775,058
16866,056
16868,056
16833,056
16831,056
16837,056
16835,056
16845,056
16818,056
16816,056
16827,056
16928,056
16909,056
16949,056
16945,056
17036,016
17033,016
17034,016
17039,016
17087,017
17089,017
17098,016
17099,016
17094,016
17091,017
17168,017
17166,017
17179,017
17159,017
17153,017
17154,017
17126,016
17121,016
17129,016
17139,017
17109,017
17111,017
17192,017
17194,017
17291,057
17268,057
17279,057
17248,017
17255,017
17258,016
17252,017
17235,017
17237,017
17209,017
17207,017
17213,017
17214,017
17219,017
17217,017
17389,016
17398,016
17390,016
17391,016
17392,016
17367,016
17379,016
17373,016
17375,016
17348,016
17349,016
17358,016
17321,016
17322,016
17329,016
17326,057
17328,016
17335,016
17337,057
17309,016
17489,015
17498,015
17493,015
17495,016
17491,015
17440,016
17449,016
17454,016
17459,016
17429,016
17424,016
17438,016
17406,016
17419,016
17509,016
17506,016
18059,014
18055,014
18057,014
18069,014
18146,014
18147,014
18119,014
18106,014
18107,014
18109,014
18198,014
18195,014
18196,014
18190,014
18182,014
18184,014
18181,014
18258,014
18236,013
18230,013
18233,013
18239,013
18246,017
18249,017
18211,013
18225,013
18209,013
18299,017
18292,017
18279,017
18276,017
18273,017
18374,015
18375,015
18356,015
18334,015
18337,015
18347,015
18311,015
18314,015
18317,015
18320,015
18465,015
18461,015
18469,015
18435,015
18437,015
18439,015
18445,015
18442,015
18573,015
18574,015
18586,015
18581,015
18556,015
18551,015
18565,015
18569,015
18546,015
18510,015
18519,015
18513,015
18516,015
18528,015
18507,015
18609,015
19067,013
19069,012
19063,012
19065,013
19061,012
19077,012
19079,012
19073,012
19075,012
19071,012
19059,012
19055,012
19057,012
19053,012
19089,013
19086,013
19230,012
19205,012
19209,012
19217,012
19288,012
19294,012
19260,012
19273,012
19246,012
19249,012
19243,012
19258,012
19348,056
19357,012
19322,056
19336,056
19339,056
19303,012
19300,012
19309,056
19306,012
19386,013
19399,013
19395,013
19374,013
19376,013
19370,013
19372,012
19406,013
19412,013
19417,013
20099,018
20097,018
20095,018
20148,020
20146,020
20144,020
20149,020
20257,020
20255,020
20253,020
20251,021
20259,020
20249,021
20357,018
20355,018
20354,018
20359,018
20459,018
20457,018
20539,018
20537,018
20535,018
21029,023
21039,010
21037,023
21035,023
21033,023
21031,023
21079,023
21077,023
21075,023
21073,023
21149,023
21147,023
21129,018
21109,023
21107,023
21266,036
21261,036
21279,036
21274,036
21272,036
21271,036
21244,036
21259,036
21258,036
21256,036
21255,036
21224,036
21220,036
21228,036
21227,036
21218,036
21217,036
21388,037
21386,037
21385,037
21382,037
21380,037
21398,037
21397,037
21395,036
21394,037
21391,037
21369,037
21368,037
21365,037
21360,037
21379,037
21376,036
21371,037
21358,037
21357,037
21354,037
21335,037
21339,037
21337,037
21423,036
21435,036
21439,036
21438,036
21436,036
21401,037
21400,037
21409,037
21407,037
21406,037
21403,037
21483,010
21481,010
21493,010
21465,010
21445,036
21444,036
21442,036
21441,036
21449,037
21447,037
21522,037
21521,010
21529,010
21527,010
21526,010
21524,010
21509,010
21502,010
21516,010
21514,010
21644,030
21643,030
21641,030
21640,030
21649,036
21647,036
21646,036
21629,036
21635,030
21614,030
21684,030
21683,030
21682,030
21680,030
21698,030
21787,029
21785,029
21782,029
21781,029
21789,029
21765,029
21763,029
21762,029
21769,029
21776,029
21775,029
21772,029
21770,029
21745,029
21756,029
21755,029
21720,030
21729,029
21727,029
21726,029
21723,030
21732,029
21730,029
21739,030
21737,029
21734,029
21706,029
21702,030
21710,029
21717,030
21714,029
21712,029
21709,029
22089,022
22081,018
22083,018
22085,018
22087,018
22045,022
22047,022
22049,022
22041,022
22043,022
22119,018
22111,018
22113,010
22115,018
22117,018
22177,022
22179,022
22175,022
22159,022
22143,022
22145,010
22147,022
22149,022
22297,021
22299,021
22359,022
22339,021
22335,021
22337,021
22305,018
22307,018
22309,022
22301,021
22303,021
22397,021
22399,021
22391,021
22393,021
22395,021
22459,020
22453,021
22455,020
22457,020
22415,021
22417,021
22419,021
22525,020
22527,020
22529,021
22523,020
22587,019
22589,019
22559,019
22547,020
22549,019
22605,019
22607,019
22609,019
22767,018
22769,020
22761,019
22763,019
22765,019
22889,008
22880,007
22885,010
22850,008
22851,008
22869,007
22844,008
22846,008
22848,008
22955,010
22956,010
22958,010
22959,011
22952,010
22965,008
22967,008
22969,010
22961,010
22962,010
22964,008
22929,011
22946,010
22949,008
22941,008
22926,010
22927,010
23562,011
23564,011
23566,011
23568,011
23569,011
23560,011
23570,011
23552,011
23554,011
23556,009
23558,011
23617,009
23619,009
23611,009
23683,009
23684,009
23689,009
23669,009
23626,009
23627,010
23628,011
23629,009
23623,009
23738,009
23730,009
23701,009
23714,006
23715,009
23717,009
23719,008
23795,008
23769,009
23779,009
23774,009
23775,009
23777,009
23746,009
23747,009
23749,009
23743,009
23744,009
23758,009
23845,008
23847,008
23843,008
23858,009
23823,008
23824,008
23826,008
23827,008
23829,008
23820,008
23821,008
23812,008
23813,008
23815,008
23816,008
23818,008
23881,010
23883,010
23896,010
23898,011
23899,010
23867,008
23869,008
23860,009
23863,008
23866,008
23879,010
23966,013
23968,013
23970,013
23972,013
23974,013
23946,013
23948,013
23942,012
23923,012
23919,011
23936,012
23911,010
23909,010
23999,013
23992,013
23996,013
24145,005
24146,005
24147,005
24148,005
24149,005
24143,005
24113,004
24114,005
24116,005
24118,005
24119,005
24111,005
24109,004
24103,005
24105,005
24106,005
24107,004
24159,005
24161,004
24256,006
24257,006
24259,004
24250,006
24251,004
24253,006
24254,004
24235,006
24238,006
24239,004
24232,006
24244,004
24245,006
24247,004
24248,006
24241,004
24242,004
24211,006
24214,004
24217,006
24222,006
24223,006
24226,006
24229,004
24220,004
24376,001
24354,004
24357,004
24358,004
24351,004
24366,004
24367,004
24369,004
24360,004
24361,004
24364,004
24363,004
24340,004
24329,006
24321,006
24326,008
24327,006
24399,001
24398,004
24392,001
24395,001
24306,006
24407,001
24409,001
24401,001
24402,001
24405,001
24404,001
24539,006
24534,006
24537,006
24536,006
24598,006
24594,004
24576,003
24589,004
24582,004
24558,008
24568,008
24638,008
24637,006
24632,003
24631,004
24634,004
24635,006
24649,003
24641,008
24640,008
24643,008
24644,004
24647,004
24646,004
24616,003
24619,008
24610,008
24613,003
24626,006
24629,008
24628,008
24620,006
24623,003
24622,004
24625,004
24601,006
24784,004
24783,004
24787,004
24782,004
24768,004
24794,004
24797,004
24796,004
24799,004
24791,004
24790,004
24793,004
24814,004
24813,004
24816,004
24817,001
24819,004
24811,004
24803,001
24802,004
24805,004
24806,004
24809,004
24808,004
24800,004
24894,001
24893,001
24896,001
24897,001
24899,001
24890,001
24891,001
24879,001
24872,001
24873,001
24876,001
24878,001
24870,001
24882,001
24885,001
24884,001
24887,001
24888,001
24881,001
24857,001
24850,001
24852,001
24855,001
24869,001
24861,001
24860,001
24863,001
24864,001
24867,001
24866,001
24837,001
24848,004
24937,001
24939,001
24941,001
24944,001
24943,001
24992,001
24994,001
24997,001
24996,001
24999,001
24991,001
24972,001
24975,001
24977,001
24976,001
24989,001
24983,001
24986,001
24988,001
24980,001
24955,001
24969,001
24960,001
24963,001
24966,001
25348,003
25355,007
25358,003
25336,007
25335,003
25337,007
25368,003
25361,003
25365,007
25364,007
25377,003
25379,003
25370,007
25371,007
25373,007
25376,003
25469,007
25462,007
25479,008
25474,007
25451,007
25421,007
25436,007
25488,007
25489,007
25482,007
25486,008
25485,007
25499,007
25491,007
25492,007
25495,007
25494,007
25497,007
25587,003
25588,003
25581,003
25582,003
25585,004
25584,003
25597,003
25599,003
25590,004
25591,003
25594,003
25593,003
25596,003
25566,003
25569,003
25560,003
25563,003
25576,003
25575,004
25578,003
25579,003
25572,003
25573,003
25548,003
25541,003
25554,003
25557,004
25551,003
25524,003
25693,003
25746,002
25727,003
25729,003
25721,003
25725,003
25724,003
25704,003
25709,003
25715,003
25718,003
25719,003
25712,003
25785,003
25786,002
25788,002
25782,003
25795,002
25797,002
25799,002
25792,002
25791,002
25794,002
25764,002
25767,003
25761,002
25774,002
25776,002
25779,002
25770,002
25869,002
25862,002
25864,002
25863,002
25866,002
25867,002
25860,002
25873,002
25872,002
25876,002
25879,001
25878,002
25870,002
25849,002
25840,002
25842,002
25845,002
25859,002
25858,002
25850,002
25853,002
25852,002
25855,002
25856,002
25826,002
25821,002
25836,002
25832,002
25813,002
25884,002
25885,002
25887,002
25889,002
25882,002
25881,002
25899,002
25917,002
25980,002
25996,002
25997,002
25999,002
25992,002
25946,002
25924,002
25927,002
25926,002
25920,002
25923,002
25938,002
26197,028
26188,027
26180,027
26169,032
26160,027
26131,027
26133,027
26135,027
26125,027
26127,027
26129,027
26122,027
26121,027
26123,027
26203,028
26209,028
26215,027
26219,032
26316,026
26389,026
26382,026
26384,026
26386,026
26388,026
26345,026
26349,028
26340,026
26434,026
26446,026
26441,026
26419,026
26427,026
26409,026
26474,026
26489,026
26487,026
26486,026
26452,026
26465,026
26556,026
26553,024
26532,024
26548,024
26529,024
26524,024
26506,024
26579,024
26571,024
26607,024
26603,024
26605,024
26676,032
26670,025
26689,027
26683,032
26655,027
26639,024
26632,024
26629,024
26624,024
26721,024
26723,024
26725,024
26789,025
26757,025
26759,024
26736,024
26831,025
26835,025
26849,025
26842,025
26845,025
26844,025
26847,025
26817,025
26810,025
26826,025
26802,025
26897,025
26899,025
26892,025
26871,025
26954,028
26969,028
26937,028
26936,028
26939,028
26931,028
26935,028
26919,028
26904,025
26903,025
26906,025
26907,025
26909,025
26901,025
27283,034
27299,034
27249,033
27248,033
27245,033
27246,033
27243,028
27259,033
27252,033
27251,033
27257,033
27254,033
27239,033
27232,033
27211,033
27383,035
27389,035
27386,035
27367,035
27374,035
27356,035
27327,033
27324,033
27321,034
27337,034
27336,035
27339,034
27330,033
27333,033
27305,033
27308,034
27313,034
27318,033
27404,030
27412,030
27419,030
27498,007
27499,018
27478,029
27472,029
27476,029
27474,029
27446,030
27449,030
27442,030
27432,030
27580,055
27568,055
27578,029
27572,055
27570,055
27576,055
27574,055
27624,029
27628,029
27639,029
27607,029
27619,029
27612,029
27616,029
27777,028
27749,028
27755,028
27753,028
27751,028
27729,034
27721,034
27726,034
27711,034
27798,028
27793,028
27809,028
27804,028
27801,028
28199,054
28197,055
28195,054
28279,054
28277,054
28259,054
28239,055
28237,055
28217,055
28215,055
28219,055
28213,054
28211,054
28207,054
28205,054
28209,054
28203,054
28201,054
28359,054
28357,055
28355,054
28327,054
28325,054
28329,054
28309,054
28307,054
28719,055
28717,055
28790,034
28779,055
28777,055
28757,055
28755,034
28759,055
28857,033
28865,034
28832,034
28844,033
28816,033
28876,034
28879,034
28870,034
29229,044
29227,044
29221,044
29225,044
29223,044
29386,045
29389,044
29396,045
29399,045
29394,044
29393,045
29392,045
29365,045
29364,044
29362,044
29369,045
29367,045
29361,044
29379,045
29378,045
29348,044
29342,044
29345,044
29359,044
29353,044
29352,043
29351,044
29358,044
29356,044
29355,044
29328,044
29320,044
29323,044
29339,044
29331,044
29336,044
29308,044
29303,044
29313,044
29485,037
29484,037
29488,037
29487,037
29482,037
29481,037
29497,037
29496,037
29494,037
29499,037
29493,037
29491,037
29490,037
29462,037
29468,037
29465,037
29475,037
29473,037
29472,037
29479,037
29478,056
29476,037
29471,037
29459,037
29451,037
29456,037
29439,037
29416,066
29413,066
29410,066
29585,044
29584,044
29582,044
29588,044
29587,044
29581,044
29594,044
29593,044
29599,044
29597,044
29591,044
29590,044
29562,044
29565,044
29579,044
29574,044
29571,044
29578,044
29576,044
29575,044
29549,044
29559,044
29556,044
29553,044
29525,044
29683,035
29693,035
29699,035
29690,035
29664,035
29646,035
29649,035
29640,035
29643,035
29633,035
29614,035
30171,042
30177,041
30179,041
30173,042
30175,042
30161,042
30167,042
30169,042
30163,041
30165,041
30159,042
30453,042
30455,042
30451,042
30457,042
30459,042
30449,042
30419,042
30559,042
30539,042
30519,042
30521,042
30669,043
30659,041
30655,041
30657,041
30629,041
30625,041
30627,041
30823,043
30826,043
30890,047
30880,047
30851,041
30853,043
30855,043
30827,043
30938,043
30926,047
30916,047
30900,043
30982,047
30989,047
30974,047
30966,047
30952,047
31073,046
31079,048
31061,048
31036,048
31020,046
31028,048
31008,048
31084,048
31089,048
31195,048
31191,048
31199,048
31180,048
31185,048
31188,048
31171,048
31174,048
31177,048
31162,048
31167,048
31157,048
31141,048
31135,048
31134,048
31137,048
31139,048
31234,045
31224,045
31226,045
31228,045
31275,047
31246,045
31241,045
31249,045
31311,047
31319,047
31303,043
31592,040
31595,040
31582,040
31553,040
31552,040
31555,040
31556,040
31559,040
31558,040
31542,040
31547,040
31535,043
31515,043
31698,040
31691,040
31693,040
31699,040
31683,040
31688,040
31675,040
31655,040
31632,040
31638,040
31637,040
31634,040
31633,040
31636,040
31619,040
31621,040
31627,040
31626,040
31629,040
31628,040
31623,040
31622,040
31609,040
31608,040
31618,040
31613,040
31604,033
31606,033
31600,033
31603,033
31785,046
31787,046
31789,046
31749,040
31737,040
31719,040
31718,040
31708,040
31707,040
31715,040
31714,040
31717,040
31711,040
31710,040
31712,040
31700,040
31702,040
31860,046
31863,046
31868,046
31867,040
31855,046
31840,046
31848,046
31832,047
31812,046
32049,132
32052,132
32051,132
32130,132
32139,132
32120,132
32105,134
32108,134
32107,134
32289,132
32278,132
32257,132
32312,133
32361,133
32369,133
32351,133
32339,133
32423,133
32429,133
32427,133
32425,133
32479,133
32469,133
32457,133
32545,132
32549,132
32547,132
32584,132
32683,134
32689,134
32676,135
32657,134
32609,133
32699,134
32694,134
32602,132
32791,134
32760,134
32758,134
32756,134
32839,135
32832,135
32825,134
32816,135
32805,135
33014,135
33098,136
33039,135
33034,135
33129,136
33106,136
33104,136
33102,136
33100,136
33184,136
33181,136
33189,135
33175,136
33178,136
33161,136
33165,136
33154,136
33142,136
33378,130
33334,130
33335,130
33332,130
33333,130
33330,130
33397,130
33415,130
33442,130
33449,130
33428,130
33659,131
33649,131
33647,131
33611,131
33619,131
33617,131
33615,131
33613,131
33609,131
33607,131
33604,131
33605,131
33602,131
33699,131
33689,131
33775,130
33758,135
33739,131
33729,131
33719,131
33790,130
33829,130
33824,131
33818,134
33813,134
33803,130
34132,166
34131,167
34130,167
34134,166
34121,167
34128,167
34127,167
34125,167
34123,167
34117,167
34119,167
34225,166
34212,169
34295,169
34292,167
34298,168
34286,169
34281,169
34289,166
34270,166
34277,167
34260,167
34266,167
34253,167
34246,167
34233,167
34346,053
34327,169
34326,169
34323,169
34320,167
34329,168
34314,167
34311,166
34317,166
34305,169
34302,169
34308,166
34396,166
34393,166
34399,166
34385,166
34388,166
34379,166
34376,166
34369,166
34359,166
34355,053
34466,166
34454,166
34434,135
34431,146
34439,135
34414,135
34497,166
34471,166
34479,166
34477,166
34474,166
34508,166
34582,169
34587,169
34576,169
34560,169
34549,166
34537,166
34513,166
34519,166
34516,169
34593,169
34590,169
34599,169
34596,169
34621,169
34628,169
34626,169
34613,169
34633,169
34632,169
34630,169
34639,169
34637,169
35039,170
35037,170
35091,170
35099,169
35096,170
35094,170
35080,170
35088,169
35085,170
35083,170
35075,170
35066,169
35043,170
35041,170
35110,169
35119,169
35117,170
35116,169
35114,169
35112,170
35108,169
35104,166
35102,170
35274,170
35279,170
35260,170
35232,170
35239,170
35236,170
35216,170
35287,170
35285,169
35282,170
35288,170
35315,172
35305,172
35396,172
35394,172
35392,172
35390,172
35398,172
35327,173
35325,172
35321,172
35329,172
35435,171
35423,172
35428,172
35415,172
35410,172
35418,172
35463,172
35460,172
35469,172
35466,172
35452,172
35457,172
35440,172
35447,172
35444,171
35510,176
35519,176
35516,176
35584,171
35583,171
35582,171
35581,171
35580,171
35586,171
35585,171
35579,171
35578,171
35576,171
35647,171
35644,171
35641,171
35649,171
35633,171
35630,171
35638,171
35625,171
35614,171
35619,171
35606,171
35690,171
35683,171
35689,171
35688,171
35687,171
35686,171
35685,171
35684,171
35713,171
35719,170
35716,171
35708,171
35792,175
35799,175
35796,175
35794,175
35781,175
35789,175
35768,171
35767,171
35764,171
35756,171
35753,171
35759,171
35745,171
36093,173
36088,173
36043,173
36041,173
36039,173
36037,173
36129,173
36124,173
36110,173
36119,173
36115,173
36100,173
36103,173
36199,168
36179,168
36167,173
36166,168
36163,173
36160,173
36169,173
36154,173
36151,173
36157,173
36145,173
36142,173
36148,173
36132,173
36137,173
36211,168
36219,168
36217,168
36214,168
36208,168
36205,168
36280,169
36287,168
36286,168
36284,168
36282,168
36289,168
36277,168
36275,168
36272,168
36266,168
36269,168
36251,168
36364,173
36367,173
36369,173
36355,173
36358,173
36341,173
36320,172
36323,173
36325,172
36326,172
36329,172
36318,173
36304,172
36391,174
36396,174
36399,173
36381,174
36404,189
36460,189
36466,195
36469,189
36452,195
36456,189
36457,189
36448,189
36433,189
36419,189
36414,189
37085,053
37081,053
37083,053
37073,053
37075,053
37077,053
37079,053
37194,046
37197,052
37199,052
37191,052
37186,052
37181,052
37176,052
37170,046
37154,052
37130,053
37133,053
37136,053
37139,053
37120,053
37124,053
37127,053
37115,053
37213,168
37214,168
37215,168
37216,168
37217,168
37218,168
37293,168
37296,168
37297,168
37299,168
37290,168
37284,168
37287,168
37281,168
37276,168
37269,168
37242,168
37247,168
37249,168
37235,168
37339,188
37327,188
37318,188
37308,188
37351,188
37355,188
37359,188
37345,188
37441,053
37444,052
37445,052
37431,053
37434,053
37412,053
37574,052
37539,052
37520,052
37581,052
37586,052
37589,052
37691,046
37696,135
37697,046
37699,046
37688,135
37671,135
37640,046
37642,046
37643,046
37647,046
37649,046
37639,046
37632,046
37633,046
37635,046
37620,046
37627,046
37619,046
37603,046
38173,049
38176,045
38179,045
38170,049
38162,049
38165,051
38154,051
38159,045
38120,050
38122,050
38124,050
38126,050
38110,050
38112,050
38114,050
38116,050
38118,050
38100,050
38102,050
38104,050
38106,050
38108,050
38272,049
38274,049
38275,049
38277,049
38279,049
38271,049
38268,045
38259,049
38239,049
38226,049
38228,049
38229,049
38300,049
38302,049
38304,049
38382,051
38384,051
38387,051
38381,051
38372,051
38373,051
38375,049
38376,051
38378,051
38379,051
38364,051
38368,051
38350,051
38321,049
38322,049
38324,049
38325,049
38327,049
38329,049
38312,049
38315,049
38319,049
38486,066
38489,066
38470,051
38471,051
38473,051
38474,051
38476,051
38477,051
38479,051
38461,051
38462,051
38464,051
38465,051
38467,051
38468,051
38458,051
38459,051
38440,051
38442,051
38444,051
38446,051
38448,051
38542,045
38543,045
38547,045
38530,045
38531,045
38533,045
38536,045
38539,045
38524,045
38527,045
38528,045
38518,045
38550,045
38551,045
38553,045
38554,051
38556,051
38557,051
38559,045
38667,052
38640,052
38642,052
38644,052
38690,052
38685,049
38678,052
38707,052
38709,052
38700,052
38704,049
38729,049
38723,049
38828,068
38829,068
38820,068
38822,068
38895,068
38899,068
38889,068
38871,068
38875,068
38877,068
38879,068
38855,068
38838,068
38835,068
38836,068
39175,066
39179,067
39171,067
39164,067
39167,067
39130,069
39120,069
39122,069
39124,069
39126,069
39128,069
39110,069
39112,069
39114,069
39116,069
39118,069
39104,069
39106,069
39108,069
39291,066
39288,066
39279,066
39264,070
39261,070
39240,069
39245,066
39249,069
39221,069
39218,069
39217,069
39397,068
39393,067
39387,067
39365,067
39356,067
39359,067
39340,067
39343,067
39345,067
39326,067
39317,066
39319,066
39307,066
39443,067
39444,067
39446,067
39448,067
39435,067
39439,067
39418,067
39517,067
39596,066
39590,066
39576,066
39579,066
39539,066
39524,066
39638,067
39624,066
39629,066
39628,066
39619,066
39615,066
39606,066
39646,067
39649,066
40233,106
40231,106
40237,105
40235,105
40239,105
40223,106
40221,106
40227,106
40225,106
40229,106
40212,106
40211,105
40210,106
40215,106
40213,106
40219,106
40217,106
40489,105
40472,105
40470,105
40476,105
40474,105
40479,105
40477,105
40468,105
40593,106
40591,106
40597,106
40595,106
40599,106
40589,106
40545,106
40549,107
40547,105
40627,106
40625,105
40699,103
40670,109
40667,109
40668,109
40629,105
40721,103
40724,103
40723,103
40789,103
40764,103
40822,103
40883,104
40882,104
40880,104
40885,104
40878,104
41066,108
41065,108
41063,108
41069,108
41068,108
41061,108
41199,108
41189,108
41179,108
41169,108
41239,108
41238,108
41236,108
41372,110
41379,110
41363,109
41366,110
41352,109
41334,110
41472,107
41470,107
41462,107
41460,107
41466,107
41464,107
41469,107
41468,107
41564,109
41569,107
41542,107
41541,107
41540,107
41539,107
41517,107
41516,107
41515,107
41751,110
41749,110
41748,110
41747,110
41836,088
41812,088
41849,088
41844,088
42113,101
42115,101
42111,101
42117,101
42119,101
42103,101
42109,101
42105,101
42107,101
42289,101
42285,101
42287,101
42281,101
42283,101
42277,101
42279,101
42275,101
42369,102
42349,101
42329,101
42327,101
42399,101
42389,101
42489,104
42477,098
42499,098
42579,104
42553,104
42555,104
42551,104
42549,104
42697,102
42699,102
42651,102
42653,102
42659,102
42655,102
42657,102
42799,099
42781,103
42719,102
42897,102
42899,102
42857,102
42859,102
42853,102
42855,102
42929,099
44147,142
44149,141
44143,142
44145,142
44141,142
44137,141
44139,141
44135,141
44269,142
44265,142
44267,143
44263,142
44225,141
44227,141
44229,141
44287,142
44289,143
44309,142
44388,141
44379,141
44369,141
44357,141
44359,141
44339,142
44328,142
44329,144
44319,142
44532,144
44534,144
44536,144
44581,120
44577,120
44579,120
44575,120
44653,140
44652,140
44651,140
44649,140
44623,140
44629,140
44628,140
44625,140
44627,140
44787,139
44789,139
44797,139
44799,139
44793,139
44795,139
44791,140
44892,140
44894,140
44879,139
44867,139
44866,122
44869,139
44809,140
44805,140
44807,140
44801,138
44803,140
45149,119
45145,119
45144,119
45147,119
45141,118
45143,119
45138,118
45139,118
45134,119
45133,119
45136,119
45130,119
45131,119
45127,118
45128,119
45239,119
45219,119
45289,119
45277,119
45276,118
45279,118
45259,119
45257,104
45357,117
45359,117
45356,117
45355,117
45327,118
45326,118
45329,118
45307,118
45309,118
45479,117
45478,117
45475,117
45476,117
45470,117
45473,117
45472,117
45468,117
45481,117
45549,138
45525,138
45527,138
45529,138
45699,121
45665,120
45661,120
45663,120
45657,120
45659,120
45731,120
45739,121
45721,121
45711,121
45701,121
45772,121
45770,121
45768,121
45879,122
45897,122
45896,122
45899,122
45892,122
45894,122
45891,122
45886,122
45888,122
45881,122
45884,122
45883,122
45889,122
45964,124
45966,124
45968,124
46049,116
46047,116
46045,116
46149,116
46147,116
46145,116
46119,116
46117,116
46286,124
46284,124
46282,124
46244,124
46242,124
46240,124
46238,124
46236,124
46325,125
46399,125
46397,125
46395,125
46359,125
46354,125
46348,125
46342,125
46446,111
46414,125
46419,125
46499,112
46487,112
46485,112
46483,112
46459,111
46569,112
46562,112
46537,116
46535,116
46539,116
46514,112
46519,112
46509,112
47058,115
47059,115
47057,114
47055,114
47053,114
47051,115
47139,115
47137,115
47138,115
47119,115
47199,115
47198,115
47179,115
47178,115
47169,115
47166,115
47167,115
47259,114
47249,114
47239,114
47229,114
47228,114
47226,114
47279,114
47269,114
47495,112
47475,112
47447,113
47445,113
47443,113
47441,113
47533,111
47509,111
47506,113
47589,111
47574,111
47559,111
47551,111
47546,111
47652,111
47647,111
47638,111
47625,111
47626,111
47623,111
47624,111
47627,111
47608,111
47669,111
47665,112
47661,111
47799,113
47798,113
47802,113
47800,113
47809,109
47807,109
47805,109
47803,113
47804,109
47877,110
47839,113
47829,113
47929,110
47918,110
47906,110
48167,128
48165,128
48163,128
48161,128
48159,128
48157,128
48155,128
48153,128
48151,128
48149,128
48147,128
48145,128
48143,128
48291,129
48282,127
48268,127
48249,126
48231,129
48346,129
48341,126
48336,129
48329,126
48324,129
48317,129
48308,126
48301,126
48369,127
48366,126
48361,129
48356,126
48351,129
48465,031
48455,031
48432,123
48431,123
48429,123
48499,031
48496,127
48493,123
48488,031
48485,123
48480,031
48477,127
48565,123
48531,031
48527,031
48529,031
48599,123
48624,123
48629,123
48612,123
48619,123
48607,123
48691,125
48683,123
48653,126
48734,125
48739,123
48720,126
48727,126
48712,125
48703,125
49090,039
49084,039
49082,039
49080,039
49088,039
49086,039
49078,039
49076,039
49074,039
49191,039
49196,038
49186,038
49170,039
49179,038
49176,038
49163,038
49152,038
49143,038
49134,039
49124,039
49219,038
49214,038
49205,039
49201,038
49393,032
49377,032
49356,033
49328,038
49326,038
49324,038
49439,032
49434,032
49429,032
49424,032
49419,033
49413,032
49406,033
49401,032
49497,127
49492,127
49479,127
49477,127
49459,033
49457,033
49456,032
49453,033
49451,032
49448,033
49549,127
49545,127
49536,127
49525,127
49504,127
49509,127
49599,038
49597,038
49596,038
49594,038
49593,038
49586,038
49584,038
49577,038
49565,038
49661,032
49638,038
49637,038
49635,038
49632,032
49626,038
49624,032
49610,038
49699,032
49696,032
49692,032
49688,032
49685,032
49681,032
49716,031
49779,025
49777,025
49774,031
49770,031
49767,025
49762,025
49757,025
49751,025
49744,031
49740,031
49733,025
49835,031
49832,031
49838,031
49824,031
49828,031
49811,031
49809,031
49808,031
49847,031
49846,031
49844,031
49843,031
49849,031
50169,090
50170,090
50171,090
50181,090
50189,090
50127,090
50126,090
50129,090
50226,090
50259,090
50321,091
50354,090
50374,091
50389,091
50670,092
50672,092
50674,093
50677,093
50676,093
50679,092
50678,093
50668,092
50667,093
50733,094
50735,094
50737,094
50739,094
50765,094
50767,094
50769,094
50823,094
50825,094
50827,094
50829,094
50859,093
50858,093
50931,093
50933,093
50935,093
50937,093
50939,093
50969,093
50968,093
50996,093
50997,093
50999,093
51061,100
51063,100
51065,100
51067,100
51069,100
51143,092
51145,092
51147,092
51149,092
51103,092
51105,092
51107,092
51109,092
51371,100
51373,100
51375,100
51377,100
51379,100
51381,100
51399,099
51491,099
51427,099
51429,099
51465,099
51467,099
51469,099
51519,099
51545,098
51570,096
51580,098
51588,098
51597,098
51598,196
51503,099
51515,099
51643,098
51645,098
51647,098
51674,098
51688,098
51766,098
51789,098
51702,098
51709,098
52062,086
52066,086
52064,086
52068,086
52072,086
52070,086
52076,086
52074,086
52078,086
52080,086
52134,087
52146,087
52152,087
52156,087
52159,087
52223,087
52224,087
52222,087
52249,087
52349,089
52351,089
52355,089
52353,089
52372,089
52379,089
52385,089
52382,089
52388,089
52391,089
52396,089
52393,089
52399,089
52459,089
52457,089
52477,087
52499,087
52428,089
52441,089
52445,089
52511,088
52525,088
52531,088
52538,088
53173,095
53177,095
53175,095
53179,095
53111,095
53115,095
53113,095
53119,095
53117,095
53121,095
53125,095
53123,095
53129,095
53127,095
53225,095
53229,095
53227,095
53332,097
53340,097
53343,097
53347,097
53359,097
53426,197
53424,197
53474,197
53489,197
53498,197
53547,196
53545,196
53557,196
53562,196
53560,196
53567,196
53572,196
53577,196
53578,196
53579,196
53501,197
53507,197
53508,197
53505,197
53506,197
53518,197
53520,201
53533,197
53534,197
53539,201
53604,097
53619,196
53639,097
53783,096
53797,096
53721,096
53757,097
53773,096
53819,096
53840,096
53844,096
53842,096
53859,096
53879,091
53881,091
53894,091
53804,096
53809,096
53940,091
53947,091
53945,091
53949,091
53902,091
53909,091
53913,097
53919,091
53925,091
53937,091
54290,202
54295,202
54294,202
54293,202
54292,202
54298,202
54296,202
54306,202
54309,202
54308,202
54310,202
54314,202
54313,202
54311,202
54318,202
54317,202
54316,202
54320,202
54329,202
54332,202
54331,202
54338,202
54343,202
54341,202
54340,202
54347,199
54346,202
54344,202
54349,202
54470,199
54472,199
54486,199
54484,199
54483,199
54487,199
54492,199
54497,199
54498,199
54413,202
54411,202
54424,199
54422,202
54421,202
54427,202
54426,202
54429,202
54439,202
54441,202
54453,202
54451,202
54450,202
54457,202
54456,202
54455,202
54459,202
54595,201
54597,201
54516,201
54518,199
54523,201
54526,201
54524,201
54529,201
54528,201
54534,201
54533,201
54531,201
54538,201
54536,201
54539,199
54552,201
54550,201
54558,201
54568,201
54570,201
54574,201
54578,201
54576,201
54579,201
54585,201
54584,201
54589,201
54587,201
54586,201
54636,201
54634,201
54647,201
54646,201
54649,201
54655,201
54657,201
54662,201
54666,201
54664,201
54669,201
54668,201
54673,201
54675,201
54687,201
54689,201
54608,201
54611,201
54610,201
54614,201
54612,201
54619,201
54617,201
54616,201
55116,204
55118,204
55120,204
55124,204
55122,204
55128,204
55127,204
55126,204
55129,204
55131,204
55130,204
55218,204
55234,205
55232,205
55237,205
55239,205
55246,178
55252,178
55257,204
55263,204
55262,204
55268,204
55270,204
55271,204
55278,205
55276,205
55283,205
55288,205
55286,205
55291,205
55296,205
55294,205
55299,205
55442,200
55444,200
55450,200
55452,200
55457,205
55459,205
55469,199
55471,199
55483,199
55481,199
55487,199
55490,199
55494,199
55491,199
55497,199
55496,199
55499,199
55413,204
55411,204
55425,204
55424,204
55422,204
55432,199
55430,199
55435,204
55437,204
55568,200
55566,200
55569,200
55571,200
55578,205
55576,205
55585,200
55583,200
55593,200
55592,200
55590,200
55597,205
55596,200
55595,200
55599,205
55546,200
55545,200
55543,200
55559,200
55608,200
55606,200
55619,200
55618,200
55621,200
55627,200
55626,200
55624,200
55629,200
55743,200
55758,200
55756,200
55765,200
55768,200
55767,200
55777,200
55776,200
55774,200
55779,200
56068,198
56075,198
56076,198
56077,198
56070,198
56072,198
56073,198
56112,198
56130,198
56132,198
56133,198
56154,199
56170,198
56179,198
56182,198
56191,198
56203,203
56204,203
56206,203
56218,198
56220,198
56237,203
56235,203
56242,203
56249,203
56244,203
56253,199
56254,199
56269,196
56271,196
56276,196
56283,198
56281,199
56288,199
56294,197
56295,197
56290,199
56291,199
56299,197
56305,196
56307,196
56316,196
56317,196
56321,198
56322,198
56323,198
56329,199
56330,198
56335,203
56337,203
56338,198
56332,198
56333,198
56340,198
56341,198
56346,198
56348,198
56349,198
56357,203
56355,203
56368,203
56370,203
56379,203
56377,203
56412,203
56414,203
56410,203
56424,203
56422,203
56427,203
56428,203
56457,203
56459,203
56462,203
56470,203
56472,196
56479,203
56477,203
56566,196
56567,196
56564,196
56579,196
56575,198
56581,196
56588,196
56589,196
56584,196
56587,196
56593,196
56594,196
56599,196
56598,196
56656,197
56651,197
56653,197
56659,197
56626,197
56630,197
56637,197
56645,197
56642,197
56648,197
56729,197
56727,197
56736,197
56743,197
56745,197
56746,197
56753,197
56754,199
56751,197
56759,199
56766,199
56767,201
56761,199
56769,201
56818,199
56812,199
56814,199
56820,199
56821,199
56828,199
56829,199
56823,199
56825,199
56826,199
56841,199
56843,199
56850,199
56856,199
56858,199
56859,199
56864,199
56865,199
56861,201
56862,199
56867,199
56869,199
57076,147
57078,147
57072,147
57074,147
57080,147
57223,147
57234,147
57250,147
57258,147
57271,147
57290,147
57299,147
57319,147
57339,147
57334,147
57368,148
57392,146
57399,148
57413,148
57439,148
57462,148
57482,148
57489,148
57518,196
57520,196
57537,196
57539,196
57548,196
57555,196
57562,196
57567,196
57572,196
57578,196
57577,196
57581,196
57583,196
57584,196
57580,196
57589,196
57586,196
57587,196
57627,203
57629,196
57635,196
57636,196
57632,196
57638,196
57639,196
57644,203
57645,203
57647,203
57641,196
57642,203
57648,203
57612,196
57614,196
57610,196
58089,137
58091,137
58093,137
58099,137
58095,137
58097,137
58119,137
58135,137
58285,137
58239,143
58256,137
58300,138
58313,138
58332,137
58339,137
58453,138
58452,138
58455,138
58454,138
58456,138
58507,148
58509,148
58513,148
58515,148
58511,148
58540,148
58553,148
58566,148
58579,148
58636,149
58638,149
58640,149
58642,149
58644,149
58675,149
58710,149
58730,143
58739,145
58769,149
58762,149
58708,149
58706,149
58791,149
58840,149
58849,148
58802,149
58809,149
59067,144
59069,144
59063,144
59065,144
59071,144
59077,144
59073,144
59075,144
59174,143
59192,143
59199,143
59269,129
59229,129
59227,129
59368,144
59379,144
59387,126
59399,126
59394,126
59302,129
59320,129
59329,129
59348,126
59494,145
59427,143
59423,143
59425,143
59439,143
59457,145
59469,145
59505,145
59514,145
59510,145
59519,145
59558,145
59555,145
59557,145
59556,145
59581,145
59597,145
59590,145
59602,145
59609,145
59757,146
59759,146
59755,146
59823,146
59821,146
59846,146
59872,146
59889,146
59929,146
59939,146
59955,146
59964,146
59969,169
59909,146
60389,182
60388,182
60386,182
60385,182
60306,181
60308,181
60316,182
60315,181
60314,182
60313,181
60312,181
60311,181
60310,181
60318,182
60327,181
60326,181
60325,181
60323,181
60322,182
60320,182
60329,181
60489,181
60488,181
60487,181
60486,181
60438,182
60437,182
60435,182
60433,182
60431,181
60439,181
60599,184
60598,182
60596,182
60594,182
60529,182
60528,182
60549,183
61169,176
61184,176
61191,176
61197,176
61194,176
61118,176
61138,179
61137,179
61130,179
61206,176
61203,176
61200,176
61209,176
61239,176
61231,176
61250,175
61267,175
61279,175
61276,175
61273,175
61348,175
61350,175
61352,175
61381,175
61389,175
61440,175
61449,180
61462,180
61476,180
61479,175
63065,184
63067,184
63069,184
63075,184
63071,184
63073,184
63110,186
63128,184
63150,184
63165,184
63179,184
63225,184
63263,184
63303,184
63322,186
63329,184
63477,179
63486,179
63450,179
63452,179
63454,179
63456,179
63457,179
63584,174
63589,174
63594,179
63599,174
63500,186
63505,179
63512,186
63517,179
63526,179
63533,186
63538,179
63543,179
63546,179
63549,179
63571,174
63579,174
63628,174
63619,174
63633,174
63636,174
63637,174
63639,174
63654,174
63667,176
63674,174
63679,174
63683,174
63688,174
63691,176
63694,174
63695,174
63697,174
63699,174
63607,174
63741,246
63743,246
63739,246
63755,246
63762,246
63768,246
63773,246
63776,246
63785,248
63791,246
63796,246
63860,246
63863,248
63864,246
63867,246
63868,248
63869,246
63871,246
63872,246
63874,246
63875,248
63877,246
63879,246
63897,248
63801,246
63811,246
63814,246
63808,246
63820,248
63825,246
63826,246
63831,246
63834,248
63828,246
63829,246
63840,248
63843,248
63846,246
63839,248
63853,248
63856,246
63857,246
63849,248
63911,248
63906,248
63920,248
63925,248
63924,248
63916,248
63930,248
63931,248
63934,248
63933,248
63936,248
63927,248
63928,248
63937,248
63939,248
64285,185
64287,185
64289,185
64283,185
64295,185
64297,185
64291,185
64293,185
64395,186
64397,185
64390,185
64319,185
64331,185
64342,185
64347,185
64354,186
64367,185
64372,185
64385,186
64380,185
64401,186
64405,186
64404,185
64407,186
64409,185
64560,183
64569,183
64572,183
64579,183
64584,183
64589,183
64521,183
64546,183
64673,187
64678,187
64683,187
64686,187
64689,187
64625,187
64646,187
64653,187
64658,187
64665,185
64668,187
64711,186
64720,186
64732,186
64739,186
64747,186
64750,186
64753,186
64754,277
64757,277
64756,186
64760,186
64832,186
64846,186
64839,185
64850,186
64853,186
64859,185
64807,186
64823,186
65187,178
65189,178
65183,178
65185,178
65197,178
65199,178
65191,178
65193,178
65195,178
65201,178
65203,178
65205,178
65207,178
65232,177
65239,180
65366,177
65375,177
65385,177
65388,177
65396,177
65399,177
65391,177
65307,177
65321,177
65326,177
65329,177
65343,177
65345,177
65344,177
65347,177
65346,177
65428,183
65439,180
65451,183
65462,183
65468,183
65474,183
65479,183
65520,177
65527,177
65529,177
65549,177
65550,177
65552,177
65551,177
65554,177
65553,177
65556,177
65555,177
65558,203
65582,203
65589,177
65594,175
65597,177
65599,177
65510,177
65604,177
65606,175
65611,177
65614,175
65618,177
65620,177
65624,203
65623,203
65626,203
65627,177
65629,203
65760,180
65779,180
65795,180
65719,180
65812,180
65817,180
65824,180
65830,180
65835,180
65843,180
65931,181
65934,181
65933,181
65936,181
65929,182
66113,296
66111,296
66117,296
66115,296
66119,296
66123,296
66121,296
66127,296
66128,296
66125,296
66126,296
66129,296
66132,296
66133,296
66130,296
66131,296
66265,298
66271,296
66287,298
66280,299
66299,299
66292,296
66333,296
66346,296
66352,296
66359,297
66386,299
66399,299
66453,299
66459,299
66450,299
66484,209
66482,209
66497,209
66424,299
66440,299
66578,298
66571,298
66583,299
66589,298
66501,209
66500,209
66506,209
66503,209
66504,209
66509,209
66507,209
66538,299
66539,299
66540,299
66557,298
66564,298
66693,297
66620,298
66625,298
66629,298
66636,298
66640,298
66649,298
66646,298
66663,297
66679,297
66687,297
66606,298
66740,297
66763,297
66773,297
66787,297
66780,297
66793,297
66798,297
66701,297
66706,297
66709,297
66851,209
66862,209
66869,208
66871,208
66879,209
66877,209
66882,209
66887,208
66885,208
66894,209
66892,209
66802,297
66806,297
66809,297
66822,298
66839,298
66849,209
66978,209
66976,209
66981,209
66989,209
66987,209
66996,209
66994,209
66999,209
66901,208
66903,208
66904,208
66916,208
66917,209
66914,208
66909,208
66907,208
66919,209
66953,209
66957,209
66954,209
66955,209
66969,209
67059,206
67069,206
67067,206
67061,206
67065,206
67063,206
67071,206
67098,207
67105,207
67112,206
67117,206
67125,206
67122,206
67126,206
67127,206
67136,206
67133,206
67134,206
67146,207
67147,207
67149,207
67141,206
67157,207
67158,207
67159,207
67150,207
67152,207
67169,207
67166,207
67167,207
67161,207
67165,207
67227,206
67229,207
67245,206
67246,207
67240,206
67256,207
67258,206
67259,206
67251,207
67269,207
67278,207
67271,207
67273,207
67281,207
67280,207
67283,207
67292,208
67297,208
67294,205
67295,208
67304,208
67305,208
67308,208
67307,208
67311,207
67310,207
67316,207
67319,207
67317,207
67346,207
67354,207
67366,210
67365,210
67368,210
67363,210
67360,210
67361,210
67377,210
67378,210
67376,207
67373,207
67374,207
67433,207
67434,207
67435,207
67454,207
67459,206
67466,207
67468,207
67475,207
67472,210
67473,207
67471,210
67487,210
67489,210
67480,210
67483,210
67482,210
67547,205
67549,205
67551,205
67550,205
67575,205
67574,205
67577,205
67578,205
67586,205
67587,205
67585,205
67582,205
67583,205
67580,205
67598,205
67595,205
67596,205
67599,205
67590,205
67593,205
67591,205
67592,205
67663,208
67661,208
67678,208
67677,208
67685,208
67686,208
67688,208
67681,208
67680,208
67697,208
67699,208
67693,208
67691,208
67657,208
67655,208
67659,208
67700,208
67701,208
67705,209
67706,209
67707,209
67715,209
67716,209
67714,209
67718,209
67722,208
67727,208
67724,208
67725,208
67728,208
67729,208
67734,208
67731,208
67732,208
67737,208
67735,208
67744,200
67745,208
67742,208
67748,208
67749,208
67746,208
67752,208
67756,208
67753,208
67754,208
67759,208
67757,208
67821,208
67822,208
67826,200
67823,200
67824,200
67829,200
67827,200
67808,208
67806,208
67811,208
67814,208
67813,208
67819,208
67816,208
67817,208
68199,275
68159,275
68169,275
68167,275
68161,275
68165,275
68163,275
68219,275
68229,275
68239,275
68259,275
68305,275
68309,275
68307,275
68519,187
68526,274
68535,274
68542,274
68549,275
68642,187
68647,187
68649,187
68623,187
68753,278
68766,278
68775,278
68789,277
68782,274
68794,278
68799,278
68723,278
68804,278
68809,278
69168,277
69181,277
69190,277
69198,274
69115,274
69118,274
69117,274
69126,274
69124,274
69123,274
69121,274
69120,274
69151,277
69207,277
69214,274
69226,277
69221,274
69234,277
69239,187
69231,277
69245,277
69242,277
69259,277
69257,277
69256,277
69251,277
69250,277
69254,277
69253,277
69412,277
69427,276
69429,276
69434,277
69439,276
69437,276
69436,277
69469,274
69488,187
69483,187
69493,274
69502,274
69509,187
69514,274
69518,187
69517,187
70178,258
70174,258
70173,258
70176,258
70188,259
70184,259
70186,259
70180,258
70182,258
70199,258
70195,259
70197,258
70192,259
70191,259
70193,258
70190,259
70327,259
70329,259
70376,259
70378,259
70372,259
70374,259
70435,259
70437,259
70439,259
70469,259
70499,259
70567,258
70569,258
70563,258
70565,258
70599,258
70597,258
70619,258
70629,258
70734,264
70736,264
70771,258
70794,262
70825,265
70839,265
70806,265
71088,260
71083,260
71093,260
71034,260
71032,260
71069,260
71067,260
71065,260
71063,260
71126,260
71120,260
71139,260
71134,260
71131,260
71149,290
71144,262
71159,260
71157,260
71154,260
71155,260
71106,260
71101,260
71116,260
71111,262
71254,265
71263,260
71277,260
71272,260
71287,265
71282,265
71299,279
71297,279
71296,279
71292,279
71229,260
71364,264
71384,264
71397,264
71394,264
71336,264
71334,264
71332,264
71404,264
71409,264
71522,269
71546,266
71543,266
71540,269
71554,269
71549,269
71566,269
71563,266
71560,269
71579,269
71576,269
71577,269
71573,264
71570,269
71636,265
71634,265
71642,265
71640,265
71638,265
71665,265
71679,265
71672,266
71686,265
71696,265
71691,266
71701,265
71711,266
71706,265
71723,266
71720,266
71717,266
71735,265
71732,266
71729,266
71726,266
71739,265
71737,269
72076,290
72074,290
72072,290
72070,290
72178,280
72175,285
72172,285
72189,285
72186,280
72184,280
72181,290
72108,290
72119,290
72116,290
72127,290
72124,289
72138,290
72135,290
72131,290
72149,290
72147,290
72144,290
72145,290
72141,289
72160,280
72299,280
72296,280
72297,280
72294,280
72293,280
72290,280
72218,280
72213,280
72229,280
72227,280
72226,280
72224,280
72221,280
72250,280
72275,280
72270,280
72285,280
72280,280
72202,280
72336,295
72348,295
72359,295
72358,295
72355,295
72356,295
72351,295
72369,295
72367,295
72364,295
72365,295
72362,295
72361,295
72379,290
72393,290
72458,295
72459,295
72469,295
72461,295
72479,295
72477,295
72474,295
72475,295
72488,295
72406,290
72401,295
72417,290
72414,290
72415,290
72411,290
72419,295
72574,289
72589,291
72587,289
72584,289
72585,289
72582,289
72581,289
72505,295
72501,295
72516,295
72513,295
72514,295
72511,295
72510,295
72525,289
72519,295
72517,295
72537,289
72535,291
72534,289
72531,289
72532,289
72539,289
72555,289
72622,262
72636,262
72631,262
72644,262
72639,262
72658,262
72657,262
72654,262
72655,262
72649,262
72669,262
72667,262
72666,262
72663,262
72664,262
72661,289
72660,262
72768,289
72766,289
72764,289
72762,289
72760,289
72770,290
72793,289
72800,289
72813,289
72810,290
72805,289
72820,289
72818,289
72829,289
72827,290
73037,263
73035,263
73033,263
73054,263
73066,263
73061,263
73079,263
73072,263
73087,263
73084,263
73099,263
73098,263
73095,263
73092,263
73107,263
73108,263
73105,263
73104,263
73101,263
73102,263
73119,263
73116,263
73117,263
73114,263
73113,263
73110,263
73111,263
73268,262
73269,262
73266,262
73265,262
73262,261
73277,262
73278,263
73275,262
73274,262
73271,262
73272,262
73207,261
73235,262
73230,262
73249,261
73240,262
73257,261
73252,262
73312,263
73329,263
73326,263
73337,263
73333,263
73349,263
73347,263
73345,263
73344,263
73342,263
73340,291
73434,270
73433,270
73432,270
73431,270
73430,270
73447,270
73441,270
73457,270
73453,269
73450,270
73469,270
73467,270
73466,270
73463,270
73460,270
73479,270
73489,270
73488,270
73486,270
73485,270
73499,270
73497,270
73495,270
73494,270
73492,270
73491,270
73547,269
73540,269
73557,269
73553,264
73550,269
73569,269
73568,269
73566,269
73565,269
73563,269
73560,269
73579,269
73577,269
73575,269
73574,269
73572,269
73571,269
73527,269
73525,269
73529,269
73669,261
73667,264
73666,261
73663,264
73660,264
73614,264
73635,264
73630,264
73642,264
73655,264
73650,264
73734,261
73733,261
73732,261
73730,261
73728,261
73765,262
73760,261
73779,261
73776,261
73773,261
73770,261
74078,267
74076,267
74074,266
74072,267
74081,267
74080,267
74199,266
74196,267
74193,267
74177,267
74172,267
74189,267
74182,267
74239,267
74238,268
74235,267
74232,266
74249,267
74248,267
74246,267
74245,267
74243,267
74259,267
74257,267
74255,267
74254,267
74252,267
74251,267
74206,267
74219,267
74214,268
74211,266
74229,267
74226,266
74223,266
74357,266
74354,266
74369,266
74366,266
74363,266
74360,266
74379,266
74376,266
74374,266
74372,265
74389,266
74388,266
74385,266
74382,266
74399,266
74397,266
74395,266
74394,266
74392,266
74391,266
74321,266
74336,266
74348,266
74343,266
74405,268
74417,269
74429,268
74427,268
74426,268
74424,268
74423,268
74420,268
74599,268
74597,268
74595,268
74594,268
74592,268
74523,268
74538,268
74535,268
74532,268
74549,268
74547,268
74545,268
74544,268
74542,268
74541,268
74564,268
74579,268
74575,268
74572,268
74589,268
74586,268
74585,268
74582,268
74639,268
74638,268
74635,268
74632,268
74629,268
74653,268
74679,268
74677,268
74676,268
74673,268
74670,268
74613,268
74626,268
74706,276
74722,276
74736,276
74731,276
74749,276
74747,276
74746,276
74744,276
74743,276
74740,276
74889,277
74821,276
74834,276
74831,267
74847,276
74842,276
74838,276
74858,276
74855,276
74850,276
74869,276
74867,276
74865,276
74864,276
74862,276
74861,267
74912,267
74909,277
74906,267
74925,277
74924,277
74921,277
74918,277
74915,277
74936,267
74934,277
74933,277
74931,277
74930,267
74928,276
74927,277
74939,277
74937,277
75045,272
75059,272
75057,272
75056,272
75053,272
75050,267
75015,272
75038,272
75031,267
75179,279
75177,279
75175,279
75173,279
75172,279
75181,279
75180,279
75196,279
75203,279
75217,279
75210,279
75228,279
75223,279
75239,279
75236,279
75233,279
75249,279
75248,279
75245,279
75242,279
75328,280
75323,280
75339,280
75337,280
75335,280
75334,279
75331,279
75365,280
75378,280
75389,280
75387,280
75385,280
75382,280
75399,280
75397,280
75395,280
75394,280
75392,260
75391,280
75305,279
75449,279
75447,279
75446,279
75443,279
75417,279
75428,279
75438,279
75433,279
76149,271
76131,271
76133,271
76135,271
76137,271
76139,271
76185,271
76187,271
76189,271
76199,271
76287,272
76275,272
76297,272
76227,271
76228,271
76229,271
76307,272
76327,272
76316,272
76344,272
76332,273
76337,272
76351,272
76356,272
76359,272
76448,273
76437,273
76461,273
76467,273
76456,273
76470,273
76473,273
76474,273
76476,273
76477,273
76479,273
76547,273
76549,273
76530,273
76532,273
76534,273
76571,273
76593,273
76596,273
76597,273
76599,273
76661,278
76669,278
76684,278
76689,278
76676,272
76694,278
76698,278
76646,278
76770,210
76771,210
76773,210
76774,210
76776,210
76777,210
76779,210
76703,272
76706,272
76707,278
76726,210
76709,278
76744,210
76761,210
76764,210
76767,210
76768,210
76751,210
76756,210
76891,209
76846,209
76848,210
76829,210
76831,210
76833,210
76835,210
76863,210
76865,210
76855,210
76857,210
76887,210
76889,210
76870,210
76872,210
76877,210
76879,210
77652,284
77654,284
77656,284
77694,284
77756,286
77740,284
77743,284
77746,284
77749,284
77770,284
77773,285
77776,280
77761,286
77767,284
77790,283
77791,284
77793,286
77794,284
77796,283
77797,284
77799,284
77781,284
77784,284
77787,284
77709,286
77716,283
77704,284
77731,284
77736,284
77723,284
77728,284
77871,284
77876,284
77866,284
77880,284
77883,284
77886,284
77887,284
77889,284
77815,273
77830,273
77833,273
77836,273
77839,273
77855,284
77933,283
77955,283
77948,283
77971,283
77972,283
77974,283
77975,283
77977,283
77978,283
77960,283
77963,283
77966,283
78048,286
78050,286
78052,286
78054,286
78056,286
78083,286
78086,286
78087,286
78089,286
78073,286
78078,286
78098,286
78166,286
78183,286
78187,285
78176,286
78194,285
78199,286
78120,286
78126,286
78112,286
78141,286
78144,285
78147,286
78148,286
78132,286
78136,286
78224,287
78244,287
78247,287
78234,287
78239,287
78262,287
78266,287
78267,287
78269,287
78250,287
78253,287
78256,287
78259,287
78315,287
78343,287
78345,287
78333,287
78337,287
78351,287
78354,293
78355,287
78357,287
78359,287
78462,287
78464,287
78465,287
78467,287
78476,287
78479,287
78564,285
78567,285
78554,285
78559,285
78580,285
78583,285
78582,285
78585,285
78586,285
78589,285
78588,285
78570,285
78573,285
78576,285
78579,285
78592,285
78591,285
78594,285
78595,285
78598,285
78597,285
78549,285
78532,285
78600,285
78601,285
78604,285
78603,285
78606,285
78607,285
78609,286
78628,285
78647,285
78662,285
78661,285
78664,285
78665,285
78667,285
78669,285
78652,285
78655,285
78658,285
78727,285
78713,285
78730,285
78733,285
78736,285
78737,285
78739,285
79098,281
79111,281
79110,281
79112,281
79115,281
79114,281
79117,281
79100,281
79102,281
79104,288
79106,281
79108,281
79194,288
79199,288
79183,283
79189,282
79211,283
79215,283
79219,282
79206,281
79232,281
79235,281
79238,281
79224,281
79227,281
79252,288
79254,288
79256,288
79258,282
79241,281
79244,282
79249,281
79271,288
79274,288
79276,283
79279,283
79261,283
79263,283
79268,281
79292,281
79291,281
79294,281
79295,282
79297,283
79299,281
79280,281
79283,281
79282,282
79285,281
79286,288
79289,281
79288,281
79312,283
79331,283
79336,283
79350,283
79353,283
79356,281
79359,283
79341,283
79346,283
79348,283
79379,282
79362,283
79361,283
79364,283
79365,283
79367,283
79369,283
79395,282
79410,282
79415,282
79418,282
79400,282
79423,282
79424,282
79427,282
79426,282
79429,282
79539,282
79540,282
79541,282
79576,282
79591,282
79592,282
79595,282
79594,282
79597,282
79599,282
79585,282
79588,282
79589,282
79650,282
79674,282
79677,282
79664,288
79669,282
79692,282
79694,282
79695,282
79682,288
79685,282
79686,282
79689,282
79688,282
79618,282
79639,282
79771,288
79774,288
79777,288
79761,288
79790,288
79793,288
79798,288
79780,288
79787,288
79713,288
79730,288
79733,288
79737,288
79736,288
79739,282
79725,288
79801,288
79802,288
79805,288
79804,288
79807,288
79809,288
79837,288
79822,288
79853,288
79856,288
79859,288
79843,288
79848,288
79872,288
79871,288
79874,288
79875,288
79877,288
79879,288
79862,288
79865,288
79868,288
80339,219
80333,217
80331,219
80337,219
80336,219
80335,219
80469,219
80539,217
80538,217
80638,219
80637,219
80636,219
80639,219
80634,219
80689,219
80687,219
80686,219
80799,216
80798,216
80797,219
80796,216
80809,219
80803,216
80802,216
80801,216
80807,216
80805,217
80804,216
80999,219
80993,216
80992,219
80997,219
80995,216
80935,216
80933,216
80939,216
80937,216
81247,219
81248,219
81249,219
81243,219
81245,219
81241,219
81379,218
81375,218
81377,218
81371,218
81373,218
81369,218
81479,218
81475,218
81476,218
81477,218
81549,218
81539,218
81545,218
81547,218
81541,219
81543,219
81669,217
81677,217
81679,217
81673,217
81675,217
81671,217
81667,217
81739,217
81735,217
81737,217
81827,217
81829,217
81825,217
81927,217
81929,217
81925,217
82024,220
82049,220
82041,220
82031,220
82069,220
82064,220
82065,220
82067,220
82061,220
82057,222
82054,220
82008,220
82140,214
82131,223
82166,220
82152,223
82178,214
82194,214
82110,223
82266,223
82269,223
82256,214
82288,214
82284,214
82285,214
82287,214
82281,214
82278,214
82279,223
82275,214
82276,214
82272,214
82290,214
82299,214
82296,214
82297,252
82291,214
82293,214
82294,214
82205,223
82229,223
82223,214
82216,214
82211,223
82237,223
82239,214
82234,223
82387,225
82389,225
82383,225
82386,225
82380,225
82377,225
82398,225
82399,225
82395,225
82396,225
82390,225
82392,225
82393,225
82319,223
82327,223
82347,225
82349,223
82343,223
82346,223
82340,223
82335,223
82362,225
82402,225
82404,225
82405,225
82401,225
82497,225
82499,225
82493,225
82494,225
82496,225
82490,225
82491,225
82418,225
82407,225
82409,225
82439,225
82447,225
82449,225
82442,225
82444,222
82445,225
82441,225
82435,225
82436,225
82438,225
82431,222
82432,222
82433,225
82467,225
82487,225
82488,225
82481,225
82475,225
82515,222
82538,222
82547,222
82541,222
82544,222
82549,222
83071,221
83075,221
83064,221
83093,221
83098,221
83080,221
83088,221
83083,221
83026,221
83022,221
83024,221
83059,221
83052,221
83043,221
83119,224
83115,221
83112,221
83109,221
83104,221
83101,221
83139,221
83135,221
83137,221
83132,224
83131,221
83134,221
83129,221
83128,221
83125,221
83126,221
83123,221
83122,221
83236,224
83233,221
83229,221
83224,224
83257,221
83256,224
83259,224
83253,221
83254,221
83250,224
83246,224
83242,224
83278,224
83209,224
83355,224
83358,224
83352,224
83349,224
83346,224
83342,224
83377,224
83379,224
83374,224
83373,224
83376,224
83370,224
83371,224
83367,224
83368,224
83362,224
83365,224
83364,224
83361,224
83395,224
83308,224
83317,224
83313,224
83301,224
83339,224
83334,224
83329,224
83324,224
83471,224
83487,224
83483,224
83486,224
83417,224
83416,224
83410,224
83413,224
83404,224
83435,224
83458,224
83454,224
83457,224
83451,224
83512,221
83536,211
83533,221
83530,224
83527,211
83558,211
83559,211
83553,212
83556,221
83555,211
83550,221
83539,221
83547,221
83546,211
83549,221
83543,221
83544,221
83569,221
83564,221
83567,211
83561,221
83562,211
83607,222
83627,222
83629,222
83624,222
83623,222
83626,222
83620,221
83646,222
83679,222
83674,222
83677,222
83676,222
83671,222
83670,222
83673,222
83666,222
83661,222
83684,222
83708,222
83707,222
83714,222
83700,222
83703,222
83727,222
83734,222
83735,222
83730,222
83737,222
84048,227
84034,227
84036,227
84030,227
84032,227
84061,227
84066,230
84069,232
84056,227
84051,227
84082,230
84089,227
84088,227
84085,227
84072,213
84079,227
84076,227
84092,227
84091,227
84094,227
84095,227
84098,227
84097,227
84028,227
84160,229
84169,227
84166,227
84168,229
84164,229
84163,229
84155,227
84152,229
84180,229
84181,227
84187,229
84189,227
84184,227
84183,229
84186,227
84171,227
84177,229
84178,229
84172,227
84175,229
84174,227
84107,227
84109,229
84104,213
84103,229
84106,227
84100,227
84101,227
84149,227
84144,227
84140,229
84137,227
84130,229
84329,229
84323,229
84326,229
84347,229
84339,229
84335,229
84337,229
84333,229
84332,229
84367,229
84364,229
84359,229
84389,229
84385,229
84387,229
84381,229
84384,229
84378,229
84375,229
84371,229
84307,229
84437,211
84439,212
84434,212
84435,212
84432,212
84431,211
84453,211
84489,211
84478,211
84494,211
84405,212
84419,211
84427,212
84428,211
84424,212
84416,212
84565,211
84568,211
84567,211
84562,211
84561,211
84564,211
84559,211
84558,211
84555,211
84556,211
84550,211
84553,211
84552,229
84577,211
84576,211
84579,211
84573,211
84574,211
84571,211
84570,211
84503,211
84518,211
84524,211
84508,211
84513,211
84547,211
84549,224
84544,211
84543,211
84546,211
84529,224
84539,211
84533,211
85092,215
85095,215
85098,215
85084,213
85080,215
85088,213
85051,215
85057,215
85053,215
85055,215
85049,215
85072,215
85077,213
85137,215
85139,215
85134,215
85135,215
85132,215
85131,215
85126,213
85129,215
85128,215
85123,215
85122,215
85125,215
85120,215
85119,213
85116,215
85117,215
85111,215
85114,215
85113,215
85110,215
85104,215
85107,213
85101,215
85259,214
85258,214
85254,214
85256,214
85250,214
85253,214
85247,214
85244,214
85241,214
85276,213
85290,213
85293,213
85298,213
85296,213
85283,213
85238,214
85232,214
85235,214
85229,214
85221,214
85375,213
85376,213
85368,213
85391,213
85399,213
85395,213
85386,213
85309,213
85307,213
85304,213
85305,213
85302,213
85301,213
85356,213
85354,213
85419,213
85416,213
85417,213
85414,213
85413,213
85410,213
85411,213
85408,213
85405,213
85406,213
85402,213
85435,212
85459,212
85456,212
85457,212
85452,212
85447,212
85445,212
85469,212
85467,212
85465,212
85464,212
85461,212
85462,212
85521,220
85551,220
85540,220
85579,220
85570,212
85567,212
85560,212
85599,212
85598,212
85591,212
85586,212
85658,212
85659,212
85656,212
85652,212
85653,220
85649,220
85646,212
85643,212
85640,220
85669,212
85667,212
85665,212
85664,212
85661,212
85662,220
85609,220
85617,212
85614,212
85604,212
85635,220
85630,220
85625,212
85622,220
85777,213
85778,214
85774,220
85764,220
85716,220
85737,220
85757,214
85748,220
86179,251
86199,251
86161,251
86169,251
86167,251
86165,251
86163,251
86150,251
86159,251
86156,251
86157,251
86154,251
86152,251
86153,251
86343,252
86368,252
86356,252
86381,254
86391,252
86399,252
86316,252
86465,252
86462,252
86459,252
86456,252
86453,252
86450,252
86480,254
86488,254
86489,254
86486,252
86485,252
86482,252
86483,254
86470,254
86479,254
86477,252
86476,254
86473,254
86491,254
86492,223
86497,252
86498,255
86495,252
86494,252
86405,252
86424,252
86420,252
86415,252
86447,253
86444,252
86441,254
86438,252
86579,213
86576,253
86577,252
86574,253
86573,252
86570,253
86571,213
86507,257
86508,252
86505,254
86504,252
86502,253
86500,252
86529,213
86519,254
86517,252
86514,252
86513,254
86510,252
86511,252
86567,214
86568,252
86565,213
86564,213
86561,213
86562,213
86558,213
86559,252
86556,253
86554,253
86551,252
86690,253
86697,215
86698,253
86695,252
86694,253
86692,253
86609,253
86647,253
86643,215
86641,253
86637,253
86633,215
86668,215
86669,215
86666,215
86663,253
86660,253
86657,253
86655,253
86653,253
86650,253
86688,253
86687,253
86684,253
86685,253
86682,253
86681,253
86679,252
86678,252
86675,253
86676,215
86673,215
86674,253
86672,252
86747,253
86748,253
86745,253
86744,253
86741,253
86742,253
86738,253
86739,253
86736,253
86735,253
86732,253
86733,253
86759,253
86756,253
86757,253
86754,253
86753,253
86750,253
86751,253
86706,215
86703,253
86704,253
86701,215
86700,253
86720,253
86709,253
86707,252
86868,255
86869,257
86866,255
86865,255
86862,257
86863,255
86860,257
86859,223
86857,223
86856,257
86853,257
86854,255
86850,255
86879,255
86877,255
86875,257
86874,255
86871,255
86872,255
86899,223
86825,255
86807,257
86845,257
86842,255
86836,223
86833,255
86830,255
86989,225
86987,225
86986,225
86983,257
86984,225
86981,223
86980,225
86978,225
86977,225
86974,223
86975,225
86972,225
86971,225
86919,223
86916,223
86925,223
86926,223
86923,223
86922,223
86920,223
86911,223
86938,223
86947,223
86946,223
86943,223
86944,223
86941,223
86940,223
86929,223
86928,223
86937,223
86934,223
86935,223
86932,223
86931,223
86949,223
86956,225
87439,256
87437,256
87435,256
87459,257
87452,256
87448,256
87471,256
87477,256
87474,256
87466,256
87463,256
87493,256
87490,256
87499,256
87496,257
87497,256
87494,257
87480,256
87487,256
87488,256
87484,257
87549,256
87547,256
87544,256
87545,256
87541,256
87561,256
87509,256
87538,256
87534,256
87527,256
87679,257
87677,257
87674,257
87675,257
87672,257
87671,257
87669,257
87668,257
87665,257
87666,257
87663,257
87662,257
87660,257
87616,257
87600,257
87637,257
87634,257
87629,257
87659,257
87656,257
87657,257
87654,257
87653,257
87650,257
87651,257
87647,257
87648,257
87645,257
87642,257
87640,257
87789,255
87787,255
87784,255
87785,255
87782,255
87781,255
87700,255
87739,255
87737,255
87736,255
87733,255
87734,255
87730,255
87719,255
87727,255
87724,255
87757,255
87758,255
87755,255
87754,255
87751,255
87752,255
87748,255
87749,255
87746,255
87745,255
87742,255
87743,255
87740,255
87779,255
87778,255
87775,255
87776,255
87773,255
87772,255
87770,255
87769,255
87766,255
87767,255
87764,255
87763,255
87760,255
87761,255
88048,293
88046,293
88045,293
88069,293
88085,293
88074,293
88079,293
88097,293
88094,293
88090,293
88099,293
88142,256
88149,256
88147,294
88145,256
88131,256
88138,256
88161,256
88167,256
88175,256
88171,256
88179,256
88178,256
88239,294
88263,294
88260,294
88267,294
88250,294
88255,294
88285,294
88284,294
88281,294
88289,294
88287,294
88273,294
88271,294
88279,294
88276,294
88299,294
88214,294
88213,294
88212,294
88361,294
88368,294
88367,295
88364,294
88356,295
88353,292
88373,294
88371,294
88370,294
88379,294
88377,294
88376,294
88374,294
88326,294
88319,292
88317,292
88316,294
88348,295
88339,294
88483,292
88481,291
88480,292
88489,292
88487,292
88486,292
88484,292
88471,292
88477,292
88499,291
88400,292
88427,292
88422,292
88416,292
88410,292
88448,292
88447,292
88444,292
88441,292
88437,292
88436,292
88433,292
88430,292
88450,292
88459,292
88457,292
88456,292
88454,292
88453,292
88451,292
88529,289
88527,292
88525,292
88524,292
88521,292
88518,295
88515,292
88512,295
88639,293
88637,295
88636,293
88634,293
88633,293
88631,295
88630,293
88662,293
88682,293
88677,293
88690,293
88699,293
88697,293
88696,293
88693,293
88605,295
88709,293
88719,293
88718,293
89077,291
89075,291
89073,291
89079,291
89081,291
89134,291
89129,291
89150,291
89155,291
89143,291
89176,291
89174,291
89173,291
89171,291
89179,291
89177,291
89165,291
89160,291
89168,270
89198,291
89197,291
89195,291
89194,291
89192,291
89191,291
89186,291
89185,291
89183,291
89182,291
89180,291
89189,291
89188,291
89231,254
89233,254
89250,254
89257,254
89275,254
89278,254
89264,254
89269,254
89297,254
89296,254
89294,254
89293,254
89291,254
89290,254
89299,254
89284,254
89281,254
89287,254
89335,254
89331,254
89352,254
89350,254
89359,254
89358,254
89356,254
89355,254
89353,253
89340,254
89349,254
89347,254
89346,254
89344,253
89343,254
89362,254
89361,254
89368,254
89367,254
89365,254
89364,254
89312,254
89440,253
89447,253
89446,253
89443,253
89441,253
89415,253
89407,253
89438,253
89437,253
89435,253
89434,253
89431,253
89429,253
89428,253
89426,253
89423,253
89420,253
89561,270
89568,270
89567,270
89564,270
89597,291
89584,291
89518,270
89537,270
89522,270
89520,270
89558,263
89555,270
89551,270
89547,270
89542,270
89619,291
89617,291
89616,291
89614,291
89613,291
89611,291
89610,291
89608,291
89607,291
89605,291
89604,291
89601,291
90441,244
90443,244
90439,244
90431,244
90425,243
90427,243
90429,243
90461,244
90459,244
90451,244
90453,244
90455,244
90449,244
90489,243
90480,244
90482,243
90473,245
90475,245
90478,243
90471,244
90469,244
90491,243
90402,243
90419,243
90411,243
90403,243
90408,243
90409,243
90562,245
90559,245
90552,245
90556,242
90547,242
90584,245
90587,242
90579,242
90571,245
90574,242
90596,245
90599,240
90592,245
90522,242
90513,242
90518,245
90542,241
90537,245
90530,245
90613,242
90614,242
90617,242
90616,242
90619,242
90610,245
90602,231
90607,245
90763,244
90762,243
90765,242
90766,242
90768,242
91099,241
91093,241
91094,235
91091,241
91097,241
91096,241
91090,235
91088,241
91083,241
91080,241
91086,241
91085,241
91058,241
91056,241
91054,241
91052,241
91077,235
91074,241
91126,245
91154,245
91177,245
91171,245
91174,245
91166,245
91161,245
91189,245
91187,245
91180,245
91186,245
91183,245
91207,245
91233,245
91238,245
91235,245
91236,245
91230,245
91220,245
91227,245
91224,245
91217,245
91257,236
91244,245
91245,245
91242,245
91249,231
91247,245
91241,245
91239,245
91278,236
91275,231
91289,236
91286,236
91287,236
91281,234
91284,245
91282,236
91315,241
91301,235
91332,239
91330,235
91336,235
91334,241
91327,236
91322,236
91320,236
91325,241
91355,236
91352,235
91353,235
91358,235
91359,235
91356,235
91350,241
91349,236
91344,236
91341,241
91347,236
91346,236
91338,235
91365,235
91364,236
91369,235
91367,236
91361,235
91362,236
91413,242
91452,242
91456,242
91448,242
91443,242
91438,242
91475,241
91474,242
91477,242
91478,242
91471,242
91472,242
91465,242
91462,241
91463,242
91468,242
91469,242
91466,241
91460,242
91459,242
91486,241
91487,241
91484,242
91489,242
91483,242
91480,242
91481,242
91522,240
91550,240
91555,240
91541,240
91575,240
91572,240
91578,240
91564,240
91567,240
91560,240
91596,240
91595,240
91598,240
91599,240
91592,240
91593,242
91590,240
91586,240
91583,240
91589,240
91587,240
91580,240
91637,240
91635,240
91639,240
91611,240
91610,240
91604,240
91605,242
91602,240
91608,240
91607,240
91601,240
91634,240
91631,240
91632,240
91626,240
91625,240
91628,240
91629,240
91622,240
91623,240
91620,240
91616,240
91613,242
91614,240
91619,242
91617,240
91757,240
91795,215
91792,240
91793,240
91798,240
91799,240
91796,240
91790,240
91781,240
91788,240
91785,240
91710,240
91732,240
91731,240
91725,240
91726,240
91723,240
91729,240
91728,240
91722,240
91720,240
91719,240
91717,240
91747,240
91746,240
91749,240
91740,240
91743,240
91744,240
91741,240
91737,240
91734,240
91735,240
91738,240
91809,215
91802,240
91801,240
91807,215
91804,215
91805,240
92224,231
92245,231
92249,231
92242,231
92237,231
92268,231
92265,231
92266,231
92269,233
92260,231
92263,231
92262,231
92256,231
92259,231
92253,231
92289,231
92287,231
92281,231
92280,231
92286,231
92283,231
92284,231
92278,231
92277,231
92271,231
92274,231
92275,231
92272,231
92318,231
92345,231
92342,231
92348,231
92339,215
92334,231
92331,231
92366,231
92367,231
92364,231
92369,231
92363,231
92360,231
92361,231
92355,231
92353,231
92358,231
92449,233
92421,233
92444,233
92442,233
92447,233
92445,233
92439,233
92431,233
92436,233
92521,233
92507,233
92542,233
92543,233
92540,233
92546,233
92545,233
92539,233
92536,233
92533,233
92526,233
92559,233
92554,233
92551,233
92552,233
92557,233
92555,233
92548,233
92549,233
92637,234
92665,234
92660,234
92655,234
92648,234
92685,234
92681,234
92676,234
92670,234
92696,234
92697,234
92694,234
92699,234
92693,234
92690,234
92726,234
92727,234
92724,234
92729,234
92700,234
92723,234
92720,234
92721,234
92715,234
92714,234
92717,234
92718,234
92711,234
92712,234
92705,234
92702,234
92703,234
92708,234
92709,234
92706,234
93059,232
93057,232
93051,232
93055,232
93053,232
93049,232
93047,232
93073,232
93077,227
93096,232
93095,232
93093,232
93099,232
93098,232
93092,232
93090,232
93083,232
93089,232
93087,232
93086,233
93080,232
93158,233
93155,232
93152,232
93149,233
93142,233
93179,233
93173,232
93170,232
93177,232
93176,232
93167,233
93161,232
93164,232
93195,232
93194,233
93192,233
93199,233
93197,232
93191,233
93189,233
93183,232
93182,232
93188,232
93186,232
93185,233
93180,232
93109,232
93104,232
93102,232
93101,232
93107,232
93105,232
93138,232
93133,233
93128,232
93309,227
93333,227
93339,227
93336,215
93326,227
93356,227
93354,227
93359,227
93358,227
93352,227
93351,227
93346,227
93345,227
93343,227
93349,215
93348,227
93342,227
93413,233
93437,233
93426,233
93455,233
93453,233
93458,233
93444,233
93449,233
93477,233
93476,233
93479,233
93470,233
93474,233
93473,233
93471,230
93466,233
93464,233
93468,233
93462,233
93499,233
93497,233
93492,233
93491,233
93495,233
93494,233
93489,233
93488,233
93486,233
93480,233
93485,233
93483,233
93482,233
94086,228
94089,226
94081,228
94072,228
94078,226
94094,228
94099,228
94036,228
94034,228
94032,228
94065,226
94060,228
94051,228
94127,228
94124,228
94121,228
94116,228
94113,228
94118,226
94110,228
94149,228
94148,228
94146,226
94140,229
94145,226
94143,226
94142,226
94137,229
94136,228
94139,228
94130,228
94133,226
94169,226
94163,226
94161,228
94160,226
94167,228
94166,229
94164,228
94158,226
94157,226
94152,228
94151,226
94154,228
94104,228
94107,228
94249,230
94244,230
94234,230
94239,230
94269,230
94267,230
94262,230
94261,230
94265,230
94264,230
94259,230
94258,230
94256,230
94250,230
94255,230
94253,230
94252,230
94227,230
94209,230
94369,230
94368,230
94366,230
94360,230
94365,230
94363,230
94362,230
94357,230
94356,230
94359,230
94350,230
94354,230
94353,230
94351,230
94379,230
94377,230
94372,230
94371,230
94375,230
94374,230
94327,230
94315,230
94347,230
94345,230
94344,230
94348,230
94342,230
94336,230
94333,230
94339,230
94330,230
94481,226
94486,226
94474,228
94491,226
94496,228
94405,229
94424,229
94428,229
94419,229
94447,226
94439,229
94437,229
94436,229
94431,229
94469,226
94501,228
94505,226
94522,229
94527,226
94526,226
94518,226
94513,226
94508,226
94545,226
94544,226
94542,228
94548,226
94547,226
94541,226
94539,226
94533,226
94532,226
94538,226
94536,226
94535,226
94530,226
94529,226
94566,226
94569,226
94568,226
94563,226
94562,226
94560,226
94556,226
94554,226
94553,230
94559,230
94557,226
94551,226
94550,226
94577,226
94575,228
94579,226
94574,226
94572,226
94571,226
95030,238
95032,238
95028,238
95176,238
95179,238
95173,238
95168,238
95163,238
95199,238
95194,238
95195,238
95197,238
95191,238
95192,238
95188,238
95189,238
95183,238
95185,238
95186,238
95180,238
95182,238
95119,238
95111,238
95100,238
95138,238
95131,238
95126,238
95158,238
95152,238
95145,238
95213,238
95239,238
95236,238
95237,238
95233,238
95234,238
95339,239
95336,239
95326,239
95356,239
95358,239
95359,239
95352,239
95355,239
95349,239
95346,239
95367,239
95369,239
95364,239
95365,239
95361,239
95362,239
95448,236
95444,236
95445,236
95447,236
95478,234
95473,236
95466,236
95469,236
95463,236
95460,236
95499,239
95496,236
95497,236
95491,236
95493,238
95494,236
95490,236
95488,236
95485,236
95482,236
95514,234
95515,236
95517,236
95511,236
95512,239
95508,234
95509,239
95503,236
95505,234
95506,234
95500,236
95502,239
95519,234
95697,238
95698,234
95694,236
95695,234
95691,238
95692,234
95686,236
95688,234
95689,234
95682,234
95683,234
95685,234
95680,238
95615,238
95632,238
95659,238
95652,234
95643,234
95679,234
95676,234
95671,234
95666,234
95709,238
95706,238
95707,238
95701,234
95703,234
95704,234
95700,234
96049,235
96047,235
96052,235
96050,235
96148,239
96149,239
96145,237
96146,235
96142,236
96138,235
96135,235
96132,235
96166,247
96167,239
96169,239
96163,239
96164,239
96160,249
96161,239
96155,235
96157,235
96158,235
96151,239
96152,242
96154,235
96188,247
96184,247
96185,235
96187,239
96181,247
96182,239
96178,235
96179,239
96173,239
96175,235
96176,247
96170,235
96172,241
96199,239
96196,239
96197,239
96191,239
96193,241
96194,235
96190,247
96106,247
96103,235
96126,247
96129,235
96123,239
96120,239
96117,239
96114,235
96110,239
96269,237
96268,237
96264,239
96260,239
96257,239
96250,239
96253,237
96277,237
96279,239
96272,239
96274,237
96275,239
96271,237
96224,239
96215,239
96247,239
96242,237
96237,237
96231,239
96328,237
96317,237
96346,237
96349,237
96342,237
96337,237
96332,237
96369,237
96364,237
96365,237
96367,237
96361,237
96358,237
96355,237
96352,237
96465,237
96450,237
96489,237
96486,237
96487,237
96482,237
96484,237
96479,237
96476,237
96472,237
96528,195
96523,195
96524,195
96515,195
97076,250
97078,250
97072,250
97074,250
97070,250
97082,250
97084,250
97080,250
97199,250
97237,250
97239,250
97234,250
97236,250
97230,250
97232,250
97228,250
97222,250
97225,248
97259,250
97255,250
97256,250
97258,242
97252,250
97253,250
97250,250
97249,250
97244,250
97246,250
97247,250
97241,250
97243,250
97277,250
97279,250
97273,250
97274,250
97276,250
97270,250
97271,250
97267,248
97268,250
97262,250
97264,250
97265,250
97261,250
97299,250
97295,250
97297,250
97291,250
97292,250
97294,250
97288,250
97289,248
97285,250
97286,250
97280,250
97282,248
97283,250
97215,242
97218,250
97209,250
97204,250
97359,249
97355,249
97357,249
97350,249
97353,249
97348,249
97346,249
97340,249
97342,249
97318,249
97337,249
97332,249
97334,249
97320,249
97475,247
97478,247
97469,249
97464,249
97461,247
97497,249
97499,249
97494,247
97493,249
97496,247
97490,249
97491,247
97486,247
97488,249
97483,247
97437,247
97424,249
97421,249
97422,249
97453,249
97456,249
97450,248
97447,249
97440,249
97517,247
97516,249
97519,247
97513,249
97514,247
97511,249
97509,249
97506,249
97505,249
97508,249
97502,249
97503,249
97500,247
97539,247
97535,249
97534,249
97537,249
97531,247
97532,249
97528,247
97529,249
97523,249
97526,249
97525,249
97520,249
97522,247
97638,247
97633,247
97631,247
97659,247
97656,247
97657,247
97654,247
97653,247
97650,247
97645,247
97647,247
97640,247
97688,247
97616,247
97618,247
97753,248
97776,248
97779,247
97778,248
97773,248
97772,247
97775,248
97769,247
97762,247
97799,247
97795,247
97794,248
97797,248
97791,248
97792,247
97788,248
97789,247
97783,248
97786,247
97785,248
97780,248
97782,248
97714,247
97717,247
97711,247
97708,247
97705,247
97702,247
97737,248
97729,247
97725,247
97727,247
97724,247
97723,247
97720,247
97877,276
97896,276
97892,248
97816,248
97836,248
97837,248
97834,248
97833,248
97828,248
97857,248
97859,248
97854,248
97855,248
97852,248
97851,248
97846,248
97849,248
97848,248
97843,248
97842,248
97845,248
97840,248
97839,248
97996,276
97999,276
97993,276
97990,276
97980,276
97909,248
97906,248
97907,248
97901,248
97904,248
97903,248
97900,276
97922,276
97957,276
97956,276
97959,276
97953,276
97950,276
97947,276
97941,276
97944,276
98559,195
98553,195
98587,195
98574,195
98597,195
98593,195
98596,195
98590,195
98529,195
98528,195
98527,195
98547,195
98544,195
98530,195
98673,195
98693,191
98694,191
98617,195
98646,195
98639,195
98634,195
98631,195
98630,195
98667,195
98669,195
98663,195
98666,195
98660,195
98724,195
98716,191
98744,194
98746,195
98743,194
98701,191
99099,192
99096,192
99095,192
99098,192
99097,192
99092,192
99091,192
99094,192
99090,192
99089,192
99085,192
99084,192
99087,192
99086,192
99198,190
99195,190
99192,191
99189,190
99100,191
99102,190
99310,191
99338,191
99334,191
99331,191
99330,191
99326,191
99438,190
99439,190
99427,192
99428,192
99423,192
99425,192
99448,190
99444,190
99441,190
99518,190
99510,190
99610,190
99636,190
99638,190
99631,190
99634,190
99628,190
99625,190
99768,188
99765,188
99718,188
99713,188
99706,188
99707,188
99735,188
99734,188
99759,188
99752,188
99755,188
99897,191
99891,191
99894,191
99885,191
99887,191
99880,191
99817,189
99837,189
99834,189
99830,189
99831,189
99826,189
99820,189
99819,189
99848,189
99846,189
99842,189
99867,191
99869,191
99958,191
99955,189
99947,189
99976,189
99974,189
99998,189
99996,189
99994,189
99991,189
99988,189
99986,189
